               epoch,      train/box_loss,      train/obj_loss,      train/cls_loss,   metrics/precision,      metrics/recall,     metrics/mAP_0.5,metrics/mAP_0.5:0.95,        val/box_loss,        val/obj_loss,        val/cls_loss,               x/lr0,               x/lr1,               x/lr2
                   0,            0.033442,            0.004163,                   0,             0.99926,             0.99798,               0.995,             0.58308,            0.030783,            0.011421,                   0,            0.070172,           0.0033142,           0.0033142
                   1,            0.032253,            0.003812,                   0,             0.99769,             0.99798,               0.995,             0.56872,            0.035023,            0.011438,                   0,             0.04009,           0.0065652,           0.0065652
                   2,            0.030906,           0.0038101,                   0,             0.99983,                   1,               0.995,             0.58423,            0.030045,            0.011274,                   0,           0.0099254,           0.0097338,           0.0097338
                   3,            0.030356,            0.003792,                   0,             0.99983,                   1,               0.995,             0.57115,            0.030657,            0.011655,                   0,           0.0096288,           0.0096288,           0.0096288
                   4,            0.029711,           0.0037472,                   0,             0.99978,                   1,               0.995,             0.58253,            0.029288,            0.011567,                   0,           0.0096288,           0.0096288,           0.0096288
                   5,            0.029623,           0.0037047,                   0,             0.99758,             0.99798,             0.99488,             0.60241,             0.02938,            0.011338,                   0,            0.009505,            0.009505,            0.009505
                   6,            0.029367,           0.0037091,                   0,              0.9976,             0.99798,             0.99496,             0.56485,             0.03155,              0.0114,                   0,           0.0093813,           0.0093813,           0.0093813
                   7,            0.029122,           0.0036618,                   0,              0.9994,                   1,               0.995,             0.60719,            0.028065,            0.011566,                   0,           0.0092575,           0.0092575,           0.0092575
                   8,            0.029195,           0.0036526,                   0,             0.99776,             0.99798,             0.99488,             0.56908,            0.029734,            0.011161,                   0,           0.0091337,           0.0091337,           0.0091337
                   9,            0.028749,           0.0036356,                   0,             0.99972,                   1,               0.995,             0.59692,              0.0283,             0.01141,                   0,             0.00901,             0.00901,             0.00901
                  10,            0.028438,           0.0036013,                   0,             0.99944,             0.99798,               0.995,             0.59769,            0.028147,            0.011338,                   0,           0.0088863,           0.0088863,           0.0088863
                  11,            0.028345,           0.0035962,                   0,             0.99774,             0.99798,               0.995,             0.54483,            0.032453,            0.011494,                   0,           0.0087625,           0.0087625,           0.0087625
                  12,             0.02816,           0.0035831,                   0,             0.99982,                   1,               0.995,             0.59027,            0.030038,            0.011039,                   0,           0.0086388,           0.0086388,           0.0086388
                  13,            0.028245,           0.0035697,                   0,             0.99952,                   1,               0.995,             0.61206,            0.027126,            0.012037,                   0,            0.008515,            0.008515,            0.008515
                  14,            0.028132,            0.003546,                   0,             0.99767,             0.99798,               0.995,             0.55567,            0.030952,            0.011525,                   0,           0.0083913,           0.0083913,           0.0083913
                  15,            0.027923,           0.0035295,                   0,             0.99745,             0.99798,               0.995,             0.59222,            0.029082,            0.011313,                   0,           0.0082675,           0.0082675,           0.0082675
                  16,            0.027887,           0.0035125,                   0,             0.99797,             0.99798,               0.995,             0.57014,            0.030875,            0.011456,                   0,           0.0081437,           0.0081437,           0.0081437
                  17,            0.027695,           0.0034878,                   0,             0.99771,             0.99798,              0.9949,             0.58925,            0.027854,             0.01102,                   0,             0.00802,             0.00802,             0.00802
                  18,            0.027642,           0.0035191,                   0,             0.99971,                   1,               0.995,             0.60853,            0.027076,            0.010929,                   0,           0.0078963,           0.0078963,           0.0078963
                  19,            0.027525,           0.0034959,                   0,             0.99754,             0.99798,             0.99498,             0.58414,            0.028801,            0.011158,                   0,           0.0077725,           0.0077725,           0.0077725
                  20,            0.027362,           0.0034716,                   0,             0.99864,             0.99798,               0.995,             0.56644,            0.030069,            0.011406,                   0,           0.0076488,           0.0076488,           0.0076488
                  21,            0.027269,           0.0034546,                   0,             0.99813,             0.99798,               0.995,             0.57703,            0.029774,            0.011732,                   0,            0.007525,            0.007525,            0.007525
                  22,             0.02721,           0.0034682,                   0,             0.99982,                   1,               0.995,              0.6079,            0.027822,            0.010934,                   0,           0.0074013,           0.0074013,           0.0074013
                  23,             0.02714,           0.0034491,                   0,             0.99776,             0.99798,               0.995,             0.58018,            0.028846,            0.011368,                   0,           0.0072775,           0.0072775,           0.0072775
                  24,            0.027215,             0.00346,                   0,             0.99984,                   1,               0.995,             0.55481,            0.030266,            0.011479,                   0,           0.0071538,           0.0071538,           0.0071538
                  25,             0.02707,           0.0034577,                   0,             0.99767,             0.99798,             0.99498,             0.54971,            0.029549,            0.011389,                   0,             0.00703,             0.00703,             0.00703
                  26,             0.02688,           0.0034459,                   0,              0.9973,             0.99798,             0.99496,             0.54915,            0.031771,            0.011924,                   0,           0.0069063,           0.0069063,           0.0069063
                  27,             0.02676,           0.0034268,                   0,             0.99765,             0.99798,               0.995,             0.50493,             0.03269,            0.012059,                   0,           0.0067825,           0.0067825,           0.0067825
                  28,            0.026707,           0.0034378,                   0,             0.99981,                   1,               0.995,             0.60358,            0.027675,             0.01085,                   0,           0.0066587,           0.0066587,           0.0066587
