timestamp_ns,frame_id,detected,confidence,x_px,y_px,s_cm,velocity_cm_s,predicted
1785663692735979725,8,0,,,,,,0
1785663692776643767,10,0,,,,,,0
1785663692816650106,12,1,0.592157,560.500,198.500,23.76725,0.00000,0
1785663692836907607,13,1,0.619608,554.500,195.500,23.56131,-7.54114,0
1785663692853647644,14,0,0.619608,554.500,195.500,23.43507,-7.54114,1
1785663692875620126,15,1,0.588235,556.500,195.500,23.29875,-6.97653,0
1785663692893739441,16,0,0.588235,556.500,195.500,23.17234,-6.97653,1
1785663692905596444,17,1,0.666667,554.500,193.500,23.12953,-6.40511,0
1785663692926288815,18,1,0.592157,551.500,202.500,23.09131,-5.18821,0
1785663692946380067,19,1,0.635294,554.500,199.500,23.13509,-3.34409,0
1785663692968186302,20,1,0.647059,556.500,195.500,23.24004,-1.13619,0
1785663692987429396,21,1,0.690196,554.500,195.500,23.32116,0.15491,0
1785663693007471649,22,1,0.611765,557.500,196.500,23.45635,1.82880,0
1785663693026791743,23,0,0.611765,557.500,196.500,23.49169,1.82880,1
1785663693048197815,24,1,0.690196,554.500,199.500,23.53884,1.92274,0
1785663693069598053,25,1,0.545098,556.500,196.500,23.60602,2.22706,0
1785663693087047416,26,0,0.545098,556.500,196.500,23.64488,2.22706,1
1785663693106682215,27,1,0.627451,555.500,199.500,23.65899,1.89155,0
1785663693126202390,28,1,0.650980,554.500,193.500,23.64455,1.30157,0
1785663693148296788,29,1,0.623529,554.500,194.500,23.62526,0.72552,0
1785663693165396154,30,1,0.639216,556.500,196.500,23.63176,0.65219,0
1785663693188626874,31,1,0.670588,554.500,198.500,23.59951,0.04798,0
1785663693208480421,32,1,0.670588,554.500,196.500,23.56318,-0.43223,0
1785663693231539059,33,1,0.615686,555.500,195.500,23.54445,-0.54515,0
1785663693251293440,34,1,0.470588,555.500,199.500,23.53079,-0.58237,0
1785663693266142037,35,1,0.611765,554.500,198.500,23.50874,-0.75538,0
1785663693277368756,36,0,0.611765,554.500,198.500,23.50026,-0.75538,1
1785663693306374708,37,1,0.580392,556.500,196.500,23.52641,-0.17770,0
1785663693321753842,38,0,0.580392,556.500,196.500,23.52368,-0.17770,1
1785663693338306922,39,1,0.623529,554.500,193.500,23.51134,-0.28552,0
1785663693358168344,40,1,0.525490,552.500,196.500,23.46252,-0.78266,0
1785663693382359804,41,1,0.611765,555.500,193.500,23.48336,-0.30544,0
1785663693401625648,42,1,0.650980,552.500,191.500,23.45200,-0.62191,0
1785663693421510111,43,1,0.631373,556.500,195.500,23.49788,0.11839,0
1785663693443737799,44,1,0.588235,555.500,199.500,23.52242,0.39978,0
1785663693458221526,45,0,0.588235,555.500,199.500,23.52821,0.39978,1
1785663693479953386,46,1,0.596078,555.500,197.500,23.55136,0.57214,0
1785663693498533820,47,1,0.619608,554.500,197.500,23.54244,0.34028,0
1785663693525331879,48,0,0.619608,554.500,197.500,23.55155,0.34028,1
1785663693539259111,49,1,0.643137,554.500,195.500,23.53264,0.06600,0
1785663693551879107,50,0,0.643137,554.500,195.500,23.53347,0.06600,1
1785663693570842495,51,1,0.635294,552.500,193.500,23.47615,-0.57974,0
1785663693606505963,52,1,0.611765,554.500,198.500,23.47217,-0.38550,0
1785663693618869586,53,0,0.611765,554.500,198.500,23.46740,-0.38550,1
1785663693630411593,54,1,0.427451,552.500,202.500,23.43684,-0.69938,0
1785663693651976913,55,1,0.509804,553.500,200.500,23.43363,-0.55483,0
1785663693672807533,56,1,0.654902,554.500,200.500,23.45351,-0.16369,0
1785663693692329166,57,1,0.572549,556.500,196.500,23.50869,0.57512,0
1785663693710995933,58,1,0.623529,553.500,194.500,23.50183,0.35007,0
1785663693731654763,59,1,0.545098,553.500,201.500,23.49319,0.14621,0
1785663693752375133,60,1,0.694118,556.500,195.500,23.53775,0.67978,0
1785663693774685363,61,1,0.670588,552.500,200.500,23.50314,0.04129,0
1785663693789815416,62,0,0.670588,552.500,200.500,23.50376,0.04129,1
1785663693809973751,63,1,0.670588,554.500,193.500,23.50730,0.07341,0
1785663693836650186,64,1,0.658824,556.500,196.500,23.55248,0.58417,0
1785663693852981602,65,1,0.623529,554.500,196.500,23.54971,0.43448,0
1785663693870324507,66,1,0.600000,554.500,196.500,23.54349,0.26221,0
1785663693883775161,67,0,0.600000,554.500,196.500,23.54701,0.26221,1
1785663693917660063,68,1,0.619608,556.500,195.500,23.58248,0.57727,0
1785663693931883334,69,1,0.674510,553.500,195.500,23.53871,-0.05587,0
1785663693953565611,70,1,0.623529,554.500,194.500,23.52432,-0.22252,0
1785663693970832976,71,0,0.623529,554.500,194.500,23.52048,-0.22252,1
1785663693983377139,72,1,0.560784,555.500,199.500,23.53005,-0.07106,0
1785663694003796221,73,1,0.682353,554.500,196.500,23.51830,-0.19486,0
1785663694031906475,74,1,0.517647,556.500,195.500,23.54657,0.21937,0
1785663694051976144,75,1,0.600000,558.500,198.500,23.61199,0.98631,0
1785663694076261520,76,1,0.670588,556.500,196.500,23.63691,0.99863,0
1785663694092958682,77,1,0.647059,556.500,196.500,23.64612,0.90250,0
1785663694113752552,78,1,0.643137,554.500,196.500,23.61405,0.24579,0
1785663694134284216,79,1,0.627451,556.500,196.500,23.61308,0.16824,0
1785663694157436479,80,1,0.623529,554.500,194.500,23.57348,-0.39032,0
1785663694179506669,81,1,0.529412,554.500,196.500,23.53255,-0.80415,0
1785663694199436923,82,1,0.639216,555.500,199.500,23.51644,-0.80533,0
1785663694219730590,83,1,0.619608,552.500,197.500,23.45373,-1.39886,0
1785663694234414397,84,1,0.533333,553.500,189.500,23.42721,-1.47566,0
1785663694254366234,85,1,0.647059,556.500,195.500,23.45418,-0.74909,0
1785663694282550279,86,1,0.623529,552.500,196.500,23.41156,-1.02683,0
1785663694293583332,87,1,0.603922,555.500,195.500,23.44149,-0.48790,0
1785663694315550565,88,1,0.623529,554.500,198.500,23.45479,-0.17132,0
1785663694334059250,89,1,0.498039,554.500,200.500,23.47050,0.07627,0
1785663694355268450,90,1,0.658824,554.500,197.500,23.48769,0.27836,0
1785663694375000955,91,1,0.678431,555.500,195.500,23.52133,0.64102,0
1785663694394597546,92,1,0.603922,555.500,193.500,23.55125,0.86366,0
1785663694413740891,93,1,0.631373,554.500,194.500,23.55740,0.73073,0
1785663694434321264,94,1,0.560784,554.500,196.500,23.55238,0.47414,0
1785663694455042509,95,1,0.631373,554.500,194.500,23.54422,0.24406,0
1785663694473718318,96,1,0.682353,558.500,198.500,23.60287,0.93673,0
1785663694493781862,97,1,0.650980,556.500,196.500,23.61826,0.89314,0
1785663694506971768,98,1,0.650980,554.500,196.500,23.59024,0.38099,0
1785663694525975699,99,0,0.650980,554.500,196.500,23.59748,0.38099,1
1785663694546704819,100,1,0.592157,554.500,194.500,23.56468,-0.10477,0
1785663694567002278,101,1,0.611765,556.500,195.500,23.57495,0.04185,0
1785663694586625118,102,1,0.576471,554.500,195.500,23.54817,-0.29174,0
1785663694607067825,103,1,0.658824,554.500,196.500,23.52329,-0.52641,0
1785663694626261337,104,1,0.686275,554.500,194.500,23.50287,-0.65692,0
1785663694646356380,105,1,0.643137,555.500,193.500,23.50422,-0.47082,0
1785663694665737140,106,1,0.709804,552.500,196.500,23.45818,-0.94501,0
1785663694686132597,107,0,0.709804,552.500,196.500,23.43891,-0.94501,1
1785663694708111205,108,1,0.494118,552.500,196.500,23.40843,-1.05908,0
1785663694728484496,109,1,0.607843,552.500,201.500,23.39190,-0.99999,0
1785663694747064347,110,0,0.607843,552.500,201.500,23.37332,-0.99999,1
1785663694767095809,111,1,0.505882,557.500,195.500,23.49510,0.60209,0
1785663694786209404,112,0,0.505882,557.500,195.500,23.50660,0.60209,1
1785663694806529904,113,1,0.600000,554.500,196.500,23.52590,0.67826,0
1785663694820306638,114,1,0.600000,554.500,196.500,23.53328,0.65649,0
1785663694838449285,115,1,0.674510,553.500,196.500,23.52138,0.37768,0
1785663694860083147,116,1,0.600000,553.500,196.500,23.50935,0.12795,0
1785663694880108483,117,1,0.556863,552.500,201.500,23.47703,-0.31612,0
1785663694898050757,118,1,0.670588,557.500,195.500,23.53143,0.45819,0
1785663694919873617,119,1,0.564706,555.500,198.500,23.54913,0.55771,0
1785663694937454811,120,0,0.564706,555.500,198.500,23.55893,0.55771,1
1785663694960609990,121,1,0.611765,555.500,199.500,23.56714,0.50223,0
1785663694980702701,122,1,0.643137,553.500,196.500,23.52977,-0.05565,0
1785663695001155908,123,1,0.674510,553.500,196.500,23.50046,-0.39577,0
1785663695018199275,124,1,0.552941,554.500,195.500,23.49665,-0.35940,0
1785663695038717814,125,0,0.552941,554.500,195.500,23.48927,-0.35940,1
1785663695058212614,126,1,0.505882,556.500,196.500,23.53278,0.23684,0
1785663695079157566,127,1,0.650980,557.500,195.500,23.58604,0.80424,0
1785663695099506066,128,0,0.650980,557.500,195.500,23.60241,0.80424,1
1785663695120454809,129,1,0.682353,554.500,200.500,23.57551,0.31112,0
1785663695139890402,130,1,0.674510,556.500,196.500,23.59325,0.44502,0
1785663695162145507,131,1,0.560784,557.500,195.500,23.62657,0.72541,0
1785663695178345090,132,1,0.678431,556.500,195.500,23.63209,0.64816,0
1785663695192801400,133,1,0.498039,556.500,195.500,23.63169,0.52384,0
1785663695209867225,134,1,0.533333,552.500,196.500,23.56736,-0.42361,0
1785663695238364516,135,1,0.698039,553.500,196.500,23.50772,-1.04557,0
1785663695256402748,136,1,0.588235,550.500,196.500,23.41773,-1.97756,0
1785663695269668195,137,0,0.588235,550.500,196.500,23.39149,-1.97756,1
1785663695289719490,138,1,0.635294,554.500,196.500,23.40881,-1.28675,0
1785663695310679900,139,1,0.607843,554.500,195.500,23.42629,-0.75599,0
1785663695330091867,140,1,0.576471,552.500,195.500,23.40944,-0.78235,0
1785663695350652698,141,1,0.611765,556.500,194.500,23.46940,0.16273,0
1785663695372243102,142,1,0.678431,554.500,196.500,23.48873,0.36290,0
1785663695393528717,143,1,0.643137,554.500,196.500,23.50431,0.46331,0
1785663695413017100,144,1,0.666667,554.500,197.500,23.51455,0.47889,0
1785663695430785834,145,1,0.525490,554.500,194.500,23.52056,0.44669,0
1785663695450859587,146,0,0.525490,554.500,194.500,23.52953,0.44669,1
1785663695466253304,147,1,0.541176,556.500,194.500,23.57298,0.88712,0
1785663695481560105,148,1,0.592157,553.500,196.500,23.54707,0.41842,0
1785663695505420527,149,1,0.600000,553.500,192.500,23.52241,-0.00051,0
1785663695523359302,150,1,0.729412,556.500,195.500,23.55112,0.35575,0
1785663695542710895,151,1,0.709804,549.500,197.500,23.45547,-0.94204,0
1785663695565232289,152,1,0.560784,554.500,196.500,23.45571,-0.66728,0
1785663695583772474,153,1,0.698039,555.500,198.500,23.48114,-0.18084,0
1785663695602872944,154,0,0.698039,555.500,198.500,23.47768,-0.18084,1
1785663695632141394,155,1,0.654902,552.500,193.500,23.44038,-0.55194,0
1785663695650993367,156,1,0.635294,557.500,196.500,23.52295,0.54336,0
1785663695677212765,157,1,0.666667,556.500,195.500,23.57096,0.95768,0
1785663695692786730,158,1,0.501961,558.500,197.500,23.63096,1.52704,0
1785663695712003575,159,1,0.635294,553.500,195.500,23.59334,0.66360,0
1785663695734783091,160,1,0.592157,554.500,198.500,23.57208,0.19243,0
1785663695754439181,161,1,0.576471,553.500,192.500,23.53181,-0.37737,0
1785663695777325738,162,1,0.654902,552.500,196.500,23.47569,-0.98852,0
1785663695793986151,163,1,0.600000,554.500,196.500,23.47188,-0.82545,0
1785663695814425941,164,0,0.600000,554.500,196.500,23.45501,-0.82545,1
1785663695834376028,165,1,0.658824,552.500,197.500,23.42044,-1.03949,0
1785663695857555707,166,1,0.607843,557.500,195.500,23.49978,0.17193,0
1785663695873893248,167,1,0.509804,553.500,192.500,23.48840,0.00130,0
1785663695894663201,168,1,0.654902,552.500,196.500,23.46087,-0.34106,0
1785663695914050961,169,0,0.654902,552.500,196.500,23.45426,-0.34106,1
1785663695934986288,170,1,0.509804,557.500,197.500,23.54348,0.79119,0
1785663695954901084,171,1,0.615686,550.500,195.500,23.46365,-0.33043,0
1785663695974397925,172,0,0.615686,550.500,195.500,23.45721,-0.33043,1
1785663695994702384,173,1,0.611765,552.500,196.500,23.42738,-0.59184,0
1785663696017685190,174,1,0.670588,554.500,198.500,23.44604,-0.22114,0
1785663696035442549,175,1,0.584314,553.500,192.500,23.44811,-0.14941,0
1785663696054206148,176,1,0.533333,553.500,202.500,23.44997,-0.09143,0
1785663696074516148,177,1,0.654902,553.500,198.500,23.45289,-0.03057,0
1785663696090814606,178,1,0.572549,557.500,196.500,23.52223,0.86890,0
1785663696108432550,179,1,0.631373,556.500,195.500,23.56997,1.28850,0
1785663696129428835,180,1,0.643137,552.500,196.500,23.54737,0.64699,0
1785663696145811000,181,1,0.568627,556.500,195.500,23.58081,0.94194,0
1785663696172149688,182,1,0.572549,552.500,196.500,23.53746,0.06173,0
1785663696186359251,183,0,0.572549,552.500,196.500,23.53834,0.06173,1
1785663696208866937,184,1,0.647059,554.500,199.500,23.52330,-0.13424,0
1785663696226624005,185,1,0.572549,551.500,196.500,23.45635,-0.90094,0
1785663696250870298,186,1,0.431373,552.500,196.500,23.41875,-1.09279,0
1785663696266984132,187,1,0.509804,554.500,198.500,23.43626,-0.65418,0
1785663696291011969,188,1,0.619608,549.500,197.500,23.35879,-1.44323,0
1785663696305952733,189,0,0.619608,549.500,197.500,23.33722,-1.44323,1
1785663696336486711,190,1,0.619608,554.500,196.500,23.38992,-0.30921,0
1785663696359511808,191,0,0.619608,554.500,196.500,23.38280,-0.30921,1
1785663696378341907,192,1,0.635294,554.500,194.500,23.45252,0.52684,0
1785663696398375410,193,0,0.635294,554.500,194.500,23.46308,0.52684,1
1785663696424018188,194,1,0.576471,556.500,195.500,23.55849,1.38437,0
1785663696440673059,195,1,0.662745,554.500,194.500,23.55782,1.12368,0
1785663696457691343,196,0,0.662745,554.500,194.500,23.57695,1.12368,1
1785663696477781137,197,1,0.560784,557.500,195.500,23.64171,1.60108,0
1785663696503183293,198,1,0.600000,557.500,194.500,23.69637,1.76425,0
1785663696517618895,199,1,0.619608,555.500,193.500,23.68123,1.27152,0
1785663696541287694,200,1,0.615686,554.500,196.500,23.64544,0.43526,0
1785663696557671609,201,1,0.635294,556.500,196.500,23.63654,0.22812,0
1785663696579114723,202,1,0.654902,556.500,193.500,23.62613,0.02918,0
1785663696597194954,203,0,0.654902,556.500,193.500,23.62665,0.02918,1
1785663696624254343,204,1,0.682353,556.500,195.500,23.60954,-0.18017,0
1785663696642452115,205,1,0.682353,551.500,201.500,23.49825,-1.45248,0
1785663696665126049,206,1,0.654902,553.500,194.500,23.45045,-1.63351,0
1785663696678495037,207,0,0.654902,553.500,194.500,23.42861,-1.63351,1
1785663696704444937,208,1,0.682353,554.500,196.500,23.42860,-1.13915,0
1785663696720778686,209,1,0.654902,554.500,193.500,23.44524,-0.72145,0
1785663696738172341,210,0,0.654902,554.500,193.500,23.43269,-0.72145,1
1785663696752868399,211,0,0.654902,554.500,193.500,23.42209,-0.72145,1
1785663696771352292,212,1,0.717647,555.500,194.500,23.48531,0.09781,0
1785663696790764552,213,0,0.717647,555.500,194.500,23.48721,0.09781,1
1785663696814323102,214,1,0.705882,554.500,195.500,23.50182,0.22347,0
1785663696831715298,215,0,0.705882,554.500,195.500,23.50571,0.22347,1
1785663696850704937,216,1,0.698039,554.500,199.500,23.51269,0.25205,0
1785663696870922188,217,1,0.643137,552.500,196.500,23.47503,-0.21818,0
1785663696890233531,218,0,0.643137,552.500,196.500,23.47082,-0.21818,1
1785663696914381242,219,1,0.678431,552.500,197.500,23.43511,-0.55843,0
1785663696929729751,220,1,0.654902,553.500,193.500,23.43383,-0.47452,0
1785663696955212698,221,1,0.674510,554.500,193.500,23.45522,-0.06486,0
1785663696970370459,222,0,0.674510,554.500,193.500,23.45424,-0.06486,1
1785663697000344152,223,1,0.619608,554.500,196.500,23.48297,0.29140,0
1785663697022767255,224,1,0.596078,554.500,196.500,23.50168,0.43599,0
1785663697047728708,225,1,0.576471,557.500,195.500,23.57756,1.23785,0
1785663697062130185,226,0,0.576471,557.500,195.500,23.59539,1.23785,1
1785663697086311145,227,1,0.623529,554.500,194.500,23.57712,0.67361,0
1785663697105217368,228,1,0.560784,556.500,195.500,23.59798,0.76959,0
1785663697127260142,229,1,0.513726,552.500,196.500,23.53674,-0.18383,0
1785663697144919502,230,1,0.490196,549.500,197.500,23.43329,-1.43854,0
1785663697162477072,231,0,0.490196,549.500,197.500,23.40803,-1.43854,1
1785663697182265869,232,1,0.631373,555.500,194.500,23.45256,-0.57239,0
1785663697203621775,233,1,0.588235,556.500,196.500,23.50525,0.19325,0
1785663697226569290,234,1,0.580392,554.500,195.500,23.51085,0.20736,0
1785663697249506596,235,1,0.666667,552.500,197.500,23.47595,-0.28727,0
1785663697272908231,236,1,0.639216,552.500,201.500,23.44414,-0.60590,0
1785663697292101451,237,0,0.639216,552.500,201.500,23.43252,-0.60590,1
1785663697314754677,238,1,0.509804,559.500,198.500,23.58143,1.29362,0
1785663697339469382,239,1,0.584314,557.500,200.500,23.64091,1.61478,0
1785663697367411637,240,1,0.654902,554.500,193.500,23.62059,0.81923,0
1785663697382282109,241,1,0.325490,554.500,194.500,23.58587,0.23008,0
1785663697394706107,242,0,0.325490,554.500,194.500,23.58873,0.23008,1
1785663697417763870,243,1,0.560784,552.500,196.500,23.51066,-0.77574,0
1785663697436229389,244,0,0.560784,552.500,196.500,23.49633,-0.77574,1
1785663697453670294,245,1,0.478431,554.500,199.500,23.47094,-0.90958,0
1785663697473232176,246,1,0.458824,554.500,198.500,23.46240,-0.80457,0
1785663697498716873,247,1,0.431373,553.500,194.500,23.44298,-0.79169,0
1785663697518074300,248,0,0.431373,553.500,194.500,23.42765,-0.79169,1
1785663697541364811,249,1,0.670588,554.500,200.500,23.45334,-0.28479,0
1785663697556104618,250,0,0.670588,554.500,200.500,23.44914,-0.28479,1
1785663697575684584,251,1,0.631373,554.500,196.500,23.47349,0.04403,0
1785663697595350007,252,1,0.301961,556.500,196.500,23.53050,0.67577,0
1785663697615689757,253,1,0.580392,554.500,200.500,23.53965,0.62128,0
1785663697635787426,254,1,0.654902,554.500,199.500,23.54380,0.51819,0
1785663697654064822,255,1,0.647059,558.500,195.500,23.61162,1.25937,0
1785663697676773755,256,1,0.466667,554.500,196.500,23.60666,0.82728,0
1785663697696048058,257,1,0.611765,554.500,196.500,23.59001,0.40637,0
1785663697714334787,258,1,0.537255,551.500,196.500,23.51656,-0.63768,0
1785663697729400382,259,0,0.537255,551.500,196.500,23.50695,-0.63768,1
1785663697748306897,260,1,0.647059,549.500,200.500,23.38975,-1.89977,0
1785663697768132152,261,1,0.643137,552.500,193.500,23.36604,-1.73443,0
1785663697785987510,262,0,0.643137,552.500,193.500,23.33507,-1.73443,1
1785663697807514331,263,1,0.447059,556.500,194.500,23.43442,-0.18909,0
1785663697835403503,264,1,0.737255,553.500,197.500,23.44386,-0.01856,0
1785663697848548202,265,0,0.737255,553.500,197.500,23.44362,-0.01856,1
1785663697866098188,266,1,0.752941,556.500,190.500,23.52088,0.88024,0
1785663697892233879,267,1,0.701961,556.500,198.500,23.57918,1.29638,0
1785663697907784219,268,0,,,,23.59934,1.29638,1
1785663697926371362,269,0,,,,23.62344,1.29638,1
1785663697947491312,270,0,,,,23.65082,1.29638,1
1785663697966895113,271,0,,,,,,0
1785663697987189655,272,0,,,,,,0
1785663698006306750,273,0,,,,,,0
1785663698023242493,274,0,,,,,,0
1785663698041711512,275,0,,,,,,0
1785663698058092219,276,0,,,,,,0
1785663698078521968,277,0,,,,,,0
1785663698098990383,278,0,,,,,,0
1785663698119327508,279,0,,,,,,0
1785663698138879765,280,0,,,,,,0
1785663698160792457,281,0,,,,,,0
1785663698177794991,282,0,,,,,,0
1785663698202018826,283,0,,,,,,0
1785663698218046037,284,1,0.545098,565.500,186.500,23.98757,0.00000,0
1785663698239484484,285,0,0.545098,565.500,186.500,23.98757,0.00000,1
1785663698258121209,286,1,0.784314,556.500,182.500,23.62797,-8.25763,0
1785663698279160368,287,1,0.827451,540.500,184.500,22.94885,-18.04651,0
1785663698297999508,288,0,0.827451,540.500,184.500,22.60886,-18.04651,1
1785663698319018543,289,1,0.741176,531.500,185.500,21.91171,-22.40220,0
1785663698334620508,290,1,0.839216,521.500,186.500,21.40161,-24.47236,0
1785663698350931799,291,1,0.788235,510.500,184.500,20.92013,-25.51470,0
1785663698374040020,292,1,0.835294,504.500,183.500,20.33070,-25.51256,0
1785663698391525549,293,1,0.803922,494.500,186.500,19.87613,-25.61988,0
1785663698410259399,294,1,0.752941,483.500,186.500,19.43405,-25.13630,0
1785663698436834918,295,1,0.831373,471.500,184.500,18.76178,-25.19102,0
1785663698451902555,296,1,0.811765,458.500,185.500,18.34070,-25.72807,0
1785663698472263304,297,1,0.811765,440.500,184.500,17.74016,-26.72267,0
1785663698490088913,298,1,0.796079,432.500,187.500,17.22526,-27.22193,0
1785663698514633578,299,1,0.749020,418.500,186.500,16.49775,-27.98722,0
1785663698530054420,300,1,0.772549,404.500,182.500,15.97745,-29.13377,0
1785663698555189412,301,1,0.764706,388.500,184.500,15.16993,-30.10616,0
1785663698569355808,302,1,0.796079,372.500,187.500,14.59721,-32.00516,0
1785663698596911901,303,1,0.784314,344.500,187.500,13.58714,-33.67322,0
1785663698611134880,304,0,0.784314,344.500,187.500,13.10820,-33.67322,1
1785663698631115300,305,1,0.803922,329.500,184.500,12.46347,-33.33477,0
1785663698651570548,306,1,0.843137,314.500,185.500,11.71153,-34.16816,0
1785663698670609478,307,1,0.807843,297.500,187.500,10.98108,-35.13593,0
1785663698682858477,308,0,0.807843,297.500,187.500,10.55070,-35.13593,1
1785663698710738025,309,1,0.803922,255.500,188.500,9.46474,-36.37575,0
1785663698724271219,310,0,0.803922,255.500,188.500,8.97247,-36.37575,1
1785663698744638969,311,1,0.760784,237.500,187.500,8.27412,-35.89688,0
1785663698762044582,312,1,0.772549,221.500,186.500,7.57064,-36.79837,0
1785663698790101169,313,1,0.658824,187.500,186.500,6.41400,-38.30714,0
1785663698803488823,314,0,0.658824,187.500,186.500,5.90117,-38.30714,1
1785663698823615950,315,1,0.713726,168.500,196.500,5.14615,-38.11729,0
1785663698847597413,316,1,0.741176,153.021,191.337,4.15387,-39.04711,0
1785663698863386334,317,1,0.454902,134.500,206.500,3.46275,-39.95822,0
1785663698883011799,318,1,0.600000,117.500,189.500,2.69957,-39.69405,0
1785663698902849013,319,1,0.725490,101.004,191.469,1.88016,-40.10287,0
1785663698923029514,320,1,0.745098,84.082,191.908,1.05299,-40.33265,0
1785663698943012559,321,1,0.392157,64.500,192.500,0.19661,-40.98141,0
1785663698963232435,322,1,0.250980,48.500,191.500,-0.63253,-40.98779,0
1785663698982280990,323,1,0.658824,44.500,190.500,-1.15985,-37.73476,0
1785663698996096223,324,0,0.741176,62.500,193.500,-1.68117,-37.73476,1
1785663699014544825,325,0,0.721569,75.500,190.500,-2.37733,-37.73476,1
1785663699035430278,326,0,0.764706,86.500,191.500,-3.16543,-37.73476,1
1785663699053886755,327,0,0.764706,86.500,191.500,,,0
1785663699076342816,328,1,0.807843,103.500,191.500,3.51167,0.00000,0
1785663699094188550,329,1,0.764706,112.500,190.500,3.82267,12.02088,0
1785663699114521591,330,1,0.721569,121.500,191.500,4.45455,23.32684,0
1785663699134519511,331,0,0.721569,121.500,191.500,4.92104,23.32684,1
1785663699155834876,332,1,0.713726,138.500,190.500,5.56124,25.55562,0
1785663699175059304,333,0,0.713726,138.500,190.500,6.05253,25.55562,1
1785663699196909871,334,1,0.713726,148.500,189.500,6.60013,25.43218,0
1785663699214708064,335,1,0.772549,160.500,190.500,7.07461,25.67650,0
1785663699235499892,336,1,0.745098,170.500,194.500,7.57129,25.24508,0
1785663699254454531,337,1,0.807843,179.500,191.500,8.00610,24.71495,0
1785663699274314786,338,1,0.682353,187.500,191.500,8.40095,23.50946,0
1785663699287360610,339,1,0.772549,198.500,188.500,8.65780,22.87097,0
1785663699311606320,340,1,0.772549,210.500,189.500,9.20214,22.73828,0
1785663699327420324,341,1,0.615686,215.500,189.500,9.52661,22.27882,0
1785663699347473952,342,1,0.796079,227.500,189.500,9.94270,21.87905,0
1785663699367165917,343,1,0.796079,248.500,189.500,10.41009,22.35217,0
1785663699388670863,344,0,0.796079,248.500,189.500,10.89077,22.35217,1
1785663699406937759,345,1,0.760784,260.500,190.500,11.38265,23.34458,0
1785663699425975814,346,1,0.749020,272.500,192.500,11.89410,24.13023,0
1785663699447223512,347,1,0.792157,282.500,191.500,12.45657,24.72692,0
1785663699466744854,348,1,0.796079,297.500,188.500,13.05698,26.17997,0
1785663699487045812,349,1,0.788235,309.500,189.500,13.67215,27.23648,0
1785663699507247313,350,1,0.788235,320.500,193.500,14.27113,27.85985,0
1785663699525795081,351,1,0.811765,333.500,191.500,14.83077,28.41123,0
1785663699547924771,352,1,0.796079,345.500,191.500,15.47792,28.64805,0
1785663699568212313,353,1,0.780392,357.500,187.500,16.07420,28.84180,0
1785663699586754539,354,1,0.784314,370.500,188.500,16.59538,28.66699,0
1785663699600112444,355,1,0.768628,384.500,191.500,16.98122,28.70448,0
1785663699617807096,356,0,0.768628,384.500,191.500,17.48914,28.70448,1
1785663699639478582,357,1,0.772549,397.500,191.500,18.13448,28.98212,0
1785663699659101714,358,1,0.784314,415.500,187.500,18.67321,28.62672,0
1785663699680299247,359,1,0.803922,429.500,191.500,19.25502,28.32361,0
1785663699698096856,360,1,0.800000,439.500,190.500,19.69447,27.52062,0
1785663699721061870,361,1,0.815686,457.500,191.500,20.35790,27.91946,0
1785663699738957770,362,1,0.815686,472.500,186.500,20.94545,29.04729,0
1785663699758722942,363,1,0.819608,486.500,190.500,21.56872,29.68045,0
1785663699779653602,364,1,0.807843,501.500,188.500,22.28027,30.84287,0
1785663699797634085,365,1,0.792157,516.165,189.489,22.91676,31.89667,0
1785663699821549923,366,1,0.780392,521.500,187.500,23.56702,30.45094,0
1785663699838082295,367,1,0.811765,543.500,188.500,24.14647,31.42992,0
1785663699861646678,368,1,0.678431,558.500,190.500,24.91059,31.73237,0
1785663699878263924,369,0,,,,25.43789,31.73237,1
1785663699902431760,370,0,,,,26.20480,31.73237,1
1785663699920466491,371,0,0.058824,568.500,186.500,26.77708,31.73237,1
1785663699939288715,372,0,0.392157,562.500,194.500,,,0
1785663699958482227,373,1,0.580392,559.500,184.500,23.72802,0.00000,0
1785663699971602717,374,0,0.580392,559.500,184.500,23.72802,0.00000,1
1785663699990170027,375,0,0.580392,559.500,184.500,23.72802,0.00000,1
1785663700015781889,376,1,0.796079,550.500,185.500,23.35293,-6.29369,0
1785663700030782152,377,0,0.796079,550.500,185.500,23.25852,-6.29369,1
1785663700056396347,378,1,0.803922,544.500,185.500,22.88504,-9.03030,0
1785663700071879605,379,1,0.764706,538.500,186.500,22.58471,-11.07118,0
1785663700093474967,380,1,0.788235,530.500,183.500,22.20691,-12.85430,0
1785663700112335690,381,1,0.831373,520.500,183.500,21.76565,-15.42834,0
1785663700133938344,382,1,0.745098,510.500,186.500,21.23180,-18.02369,0
1785663700150632589,383,1,0.827451,498.500,186.500,20.71053,-20.87666,0
1785663700170953672,384,1,0.760784,487.500,184.500,20.09774,-23.31120,0
1785663700194315933,385,0,0.760784,487.500,184.500,19.55313,-23.31120,1
1785663700210076271,386,1,0.847059,451.500,184.500,18.90636,-26.65453,0
1785663700233954193,387,0,0.847059,451.500,184.500,18.26990,-26.65453,1
1785663700250044694,388,1,0.815686,437.500,187.500,17.55455,-29.80976,0
1785663700262583899,389,1,0.749020,423.500,182.500,17.07638,-30.97209,0
1785663700282722109,390,1,0.776471,408.500,185.500,16.31721,-32.55892,0
1785663700304358304,391,1,0.780392,400.500,186.500,15.53374,-33.53154,0
1785663700322073247,392,0,0.780392,400.500,186.500,14.93973,-33.53154,1
1785663700341815545,393,1,0.823529,386.500,184.500,14.22852,-34.11431,0
1785663700363296866,394,1,0.768628,356.500,184.500,13.46611,-34.46350,0
1785663700384312109,395,1,0.803922,341.500,185.500,12.72753,-34.63698,0
1785663700402457964,396,1,0.835294,324.500,189.500,12.08413,-34.82210,0
1785663700422616008,397,1,0.792157,308.500,188.500,11.37920,-34.86003,0
1785663700442355513,398,1,0.835294,292.500,186.500,10.65743,-35.29139,0
1785663700462371516,399,1,0.752941,274.500,173.500,9.88924,-36.08587,0
1785663700485443280,400,1,0.776471,255.500,190.500,8.94533,-37.51640,0
1785663700502556938,401,1,0.741176,239.500,184.500,8.23331,-38.41704,0
1785663700523053894,402,1,0.784314,223.500,185.500,7.45685,-38.27601,0
1785663700541617412,403,1,0.772549,203.500,188.500,6.65929,-39.39425,0
1785663700555110065,404,0,0.772549,203.500,188.500,6.12775,-39.39425,1
1785663700574117787,405,1,0.752941,165.500,188.500,5.21499,-41.36567,0
1785663700597553255,406,1,0.580392,158.422,192.733,4.24154,-41.41363,0
1785663700615736735,407,1,0.647059,138.099,192.249,3.43227,-42.09666,0
1785663700633506344,408,1,0.549020,119.082,189.148,2.69199,-42.00009,0
1785663700654031592,409,0,0.549020,119.082,189.148,1.82993,-42.00009,1
1785663700673807264,410,1,0.717647,82.500,179.500,0.93300,-42.78225,0
1785663700695163754,411,1,0.662745,39.500,196.500,-0.13273,-44.56717,0
1785663700713748855,412,0,0.662745,39.500,196.500,-0.96101,-44.56717,1
1785663700738189687,413,0,0.729412,66.500,194.500,-2.05026,-44.56717,1
1785663700753167784,414,0,0.729412,66.500,194.500,-2.71781,-44.56717,1
1785663700776238089,415,0,0.784314,89.500,187.500,,,0
1785663700793604327,416,1,0.784314,97.500,192.500,3.23954,0.00000,0
1785663700817132544,417,1,0.756863,107.500,191.500,3.61535,12.70945,0
1785663700833437419,418,1,0.784314,113.500,191.500,4.06848,19.66776,0
1785663700856355767,419,1,0.752941,122.500,190.500,4.72765,23.98741,0
1785663700873312218,420,1,0.749020,134.500,190.500,5.24025,25.83434,0
1785663700887855735,421,0,0.749020,134.500,190.500,5.61596,25.83434,1
1785663700907897988,422,1,0.741176,141.500,193.500,6.12680,25.74322,0
1785663700926379257,423,0,0.741176,141.500,193.500,6.60256,25.74322,1
1785663700945100565,424,1,0.717647,163.500,191.500,6.85406,23.20625,0
1785663700967196713,425,1,0.760784,172.500,192.500,7.25390,21.96628,0
1785663700986649805,426,1,0.756863,181.500,192.500,7.58427,20.84841,0
1785663701005621361,427,0,0.756863,181.500,192.500,7.97980,20.84841,1
1785663701028761665,428,1,0.721569,200.500,189.500,8.41125,20.26664,0
1785663701047558514,429,0,0.721569,200.500,189.500,8.79220,20.26664,1
1785663701068028929,430,1,0.776471,211.500,188.500,9.18889,20.06827,0
1785663701087356898,431,1,0.768628,223.500,191.500,9.64128,20.79086,0
1785663701107492483,432,1,0.756863,231.500,191.500,10.07482,20.96708,0
1785663701126580995,433,1,0.800000,241.500,189.500,10.50323,21.31560,0
1785663701146495499,434,1,0.784314,253.500,188.500,10.99287,22.14404,0
1785663701167374535,435,0,0.784314,253.500,188.500,11.45522,22.14404,1
1785663701186384298,436,1,0.788235,263.500,192.500,11.95581,23.09142,0
1785663701217572187,438,1,0.807843,294.500,190.500,12.74385,23.89420,0
1785663701239771876,439,1,0.784314,309.500,190.500,13.27833,23.94375,0
1785663701258293978,440,0,0.784314,309.500,190.500,13.72183,23.94375,1
1785663701280096129,441,1,0.788235,330.500,187.500,14.22333,23.70524,0
1785663701299697678,442,0,0.788235,330.500,187.500,14.68798,23.70524,1
1785663701317932199,443,1,0.831373,339.500,189.500,15.04012,22.82896,0
1785663701338605612,444,1,0.803922,351.500,188.500,15.50787,22.78211,0
1785663701359198234,445,1,0.788235,362.500,189.500,16.00487,23.11024,0
1785663701379562775,446,1,0.803922,372.500,191.500,16.48106,23.17874,0
1785663701398260750,447,0,0.803922,372.500,191.500,16.91446,23.17874,1
1785663701419098078,448,1,0.843137,404.500,190.500,17.41797,23.42061,0
1785663701437734512,449,1,0.800000,415.500,188.500,17.86349,23.52708,0
1785663701460130782,450,1,0.741176,426.500,188.500,18.41567,23.83299,0
1785663701478236097,451,1,0.862745,433.500,187.500,18.77165,22.89315,0
1785663701498878301,452,1,0.792157,446.500,186.500,19.25568,23.03871,0
1785663701518130437,453,1,0.827451,457.500,188.500,19.70947,23.17017,0
1785663701533009660,454,0,0.827451,457.500,188.500,20.05423,23.17017,1
1785663701551245639,455,1,0.776471,467.500,190.500,20.48110,23.22246,0
1785663701570116279,456,1,0.811765,468.500,186.500,20.79268,21.71746,0
1785663701590043908,457,1,0.807843,483.500,186.500,21.24039,21.89794,0
1785663701610665988,458,0,0.807843,483.500,186.500,21.69197,21.89794,1
1785663701629390796,459,1,0.827451,511.500,189.500,22.07515,21.58584,0
1785663701651224156,460,1,0.784314,522.500,188.500,22.56687,21.82366,0
1785663701669734299,461,1,0.819608,533.500,186.500,22.98402,21.98210,0
1785663701690897124,462,1,0.788235,543.500,187.500,23.46933,22.23189,0
1785663701714012928,463,1,0.776471,553.500,189.500,23.98193,22.21528,0
1785663701731698830,464,1,0.552941,565.500,188.500,24.37686,22.24129,0
1785663701749418273,465,0,0.552941,565.500,188.500,24.77096,22.24129,1
1785663701771933542,466,0,,,,25.27173,22.24129,1
1785663701791994170,467,0,,,,25.71790,22.24129,1
1785663701809416116,468,0,,,,,,0
1785663701823547513,469,0,,,,,,0
1785663701842871981,470,0,,,,,,0
1785663701861950869,471,1,0.058824,567.500,189.500,24.07336,0.00000,0
1785663701883205568,472,0,0.058824,567.500,189.500,24.07336,0.00000,1
1785663701901307382,473,1,0.513726,565.500,186.500,23.99427,-1.84360,0
1785663701926792954,474,1,0.764706,552.500,186.500,23.52865,-9.58178,0
1785663701941448179,475,0,0.764706,552.500,186.500,23.38823,-9.58178,1
1785663701962858626,476,1,0.788235,546.500,188.500,22.92510,-13.12998,0
1785663701985572518,477,1,0.796079,545.500,186.500,22.57829,-13.74159,0
1785663702007353669,478,1,0.819608,534.500,188.500,22.31005,-13.35786,0
1785663702026307142,479,0,0.819608,534.500,188.500,22.05687,-13.35786,1
1785663702046264812,480,1,0.788235,532.500,187.500,21.92748,-11.78047,0
1785663702064162170,481,1,0.803922,528.500,187.500,21.81676,-10.62559,0
1785663702084120715,482,1,0.803922,524.500,188.500,21.68922,-9.61641,0
1785663702104106969,483,1,0.827451,516.500,191.500,21.48724,-9.73743,0
1785663702124986588,484,1,0.815686,514.500,188.500,21.32038,-9.27555,0
1785663702143877352,485,1,0.831373,511.500,189.500,21.19543,-8.63119,0
1785663702166324664,486,1,0.819608,506.500,188.500,21.02828,-8.28894,0
1785663702184011149,487,1,0.815686,503.500,189.500,20.91222,-7.89518,0
1785663702206075214,488,1,0.854902,499.500,186.500,20.76521,-7.54533,0
1785663702224563775,489,1,0.807843,494.500,189.500,20.61252,-7.71500,0
1785663702243938409,490,1,0.850980,492.500,187.500,20.48563,-7.42498,0
1785663702264242284,491,1,0.800000,487.500,187.500,20.32049,-7.60929,0
1785663702285888396,492,1,0.854902,483.500,187.500,20.13269,-7.90502,0
1785663702304957950,493,1,0.815686,480.500,186.500,19.97565,-7.98561,0
1785663702324469083,494,1,0.811765,477.500,188.500,19.83124,-7.83961,0
1785663702344055174,495,1,0.819608,473.500,188.500,19.67664,-7.85305,0
1785663702363867013,496,1,0.811765,470.500,189.500,19.52887,-7.75292,0
1785663702384036431,497,0,0.811765,470.500,189.500,19.37250,-7.75292,1
1785663702404478263,498,1,0.819608,464.500,188.500,19.16427,-8.33879,0
1785663702430797701,499,1,0.803922,456.500,187.500,18.98113,-7.91329,0
1785663702447726152,500,1,0.800000,452.500,190.500,18.88146,-7.49887,0
1785663702467863779,501,1,0.819608,448.500,188.500,18.73272,-7.47048,0
1785663702489733888,502,1,0.811765,444.500,188.500,18.56050,-7.58321,0
1785663702510777422,503,1,0.827451,440.500,189.500,18.39061,-7.71582,0
1785663702529730603,504,1,0.788235,438.500,190.500,18.26759,-7.41675,0
1785663702550551889,505,1,0.823529,436.500,190.500,18.15110,-6.92883,0
1785663702567939128,506,1,0.792157,432.500,187.500,18.04404,-6.75640,0
1785663702587890673,507,0,0.792157,432.500,187.500,17.90924,-6.75640,1
1785663702609962030,508,1,0.815686,427.500,188.500,17.78992,-6.40610,0
1785663702628310008,509,0,0.815686,427.500,188.500,17.67238,-6.40610,1
1785663702649674956,510,1,0.811765,422.500,190.500,17.57699,-5.95466,0
1785663702668356598,511,1,0.807843,421.500,187.500,17.52366,-5.30959,0
1785663702689905877,512,1,0.796079,419.500,189.500,17.44813,-4.85097,0
1785663702710705580,513,1,0.819608,416.500,189.500,17.36128,-4.67734,0
1785663702730057756,514,1,0.819608,412.500,188.500,17.24841,-4.96130,0
1785663702748014906,515,0,0.819608,412.500,188.500,17.15932,-4.96130,1
1785663702768698818,516,1,0.772549,411.500,189.500,17.06365,-4.87869,0
1785663702788463116,517,1,0.768628,409.500,188.500,16.97157,-4.82746,0
1785663702809856355,518,1,0.780392,405.500,188.500,16.87973,-4.68920,0
1785663702828872535,519,0,0.780392,405.500,188.500,16.79056,-4.68920,1
1785663702850800101,520,1,0.784314,403.500,191.500,16.75156,-3.95293,0
1785663702868931665,521,1,0.831373,403.500,190.500,16.75107,-3.12483,0
1785663702888189926,522,0,0.831373,403.500,190.500,16.69089,-3.12483,1
1785663702908529092,523,1,0.803922,400.500,189.500,16.64154,-2.96398,0
1785663702930288078,524,1,0.776471,400.500,190.500,16.61241,-2.55711,0
1785663702948246102,525,1,0.756863,399.500,191.500,16.59359,-2.23267,0
1785663702970385125,526,1,0.764706,396.500,192.500,16.54709,-2.19625,0
1785663702989280848,527,1,0.788235,395.500,191.500,16.50951,-2.14624,0
1785663703011200539,528,1,0.815686,395.500,189.500,16.48236,-1.89045,0
1785663703030758339,529,1,0.811765,393.500,190.500,16.43993,-1.96073,0
1785663703050972381,530,1,0.792157,393.500,191.500,16.41203,-1.80972,0
1785663703072317204,531,0,0.792157,393.500,191.500,16.37340,-1.80972,1
1785663703092080918,532,1,0.796079,392.500,194.500,16.36457,-1.49225,0
1785663703111992797,533,1,0.784314,392.500,192.500,16.36241,-1.17046,0
1785663703133997655,534,1,0.780392,390.500,192.500,16.32516,-1.30838,0
1785663703152095094,535,1,0.823529,392.500,194.500,16.34147,-0.81389,0
1785663703175481563,536,1,0.843137,393.500,193.500,16.37595,-0.13532,0
1785663703193263130,537,0,0.843137,393.500,193.500,16.37354,-0.13532,1
1785663703212487850,538,1,0.847059,395.500,196.500,16.46382,0.96933,0
1785663703232507061,539,1,0.803922,399.500,194.500,16.61364,2.50598,0
1785663703252126110,540,1,0.819608,403.500,194.500,16.80800,4.25563,0
1785663703272287945,541,1,0.843137,413.500,194.500,17.11471,6.99270,0
1785663703292591820,542,0,0.843137,413.500,194.500,17.25668,6.99270,1
1785663703315397586,543,1,0.831373,421.500,191.500,17.73426,10.69542,0
1785663703336480495,544,1,0.843137,428.500,192.500,18.20353,13.54503,0
1785663703353722484,545,1,0.831373,434.500,192.500,18.58403,15.31557,0
1785663703372170795,546,1,0.784314,446.500,196.500,19.05531,17.66282,0
1785663703392586086,547,1,0.796079,454.500,193.500,19.58302,19.78710,0
1785663703412557464,548,1,0.807843,464.500,192.500,20.14122,21.87993,0
1785663703432102430,549,1,0.788235,471.500,192.500,20.64408,22.84834,0
1785663703451765520,550,1,0.780392,488.500,195.500,21.26781,25.09283,0
1785663703475175905,551,1,0.803922,500.500,195.500,22.01738,27.17432,0
1785663703494291543,552,1,0.792157,512.561,193.613,22.66102,28.76873,0
1785663703514362962,553,1,0.776471,524.500,192.500,23.27674,29.26000,0
1785663703533137352,554,1,0.792157,536.500,194.500,23.84081,29.44886,0
1785663703551897160,555,1,0.701961,554.500,198.500,24.47918,30.55045,0
1785663703572018162,556,0,0.807843,539.500,195.500,25.09389,30.55045,1
1785663703591997415,557,0,0.662745,534.500,194.500,25.70427,30.55045,1
1785663703611791462,558,0,0.717647,529.500,196.500,26.30898,30.55045,1
1785663703632026505,559,0,0.717647,525.500,192.500,,,0
1785663703653637033,560,1,0.752941,524.500,194.500,22.20458,0.00000,0
1785663703673477163,561,1,0.733333,521.500,193.500,22.10181,-3.80027,0
1785663703697581999,562,1,0.764706,521.500,193.500,21.92821,-5.91589,0
1785663703715843353,563,1,0.784314,521.500,195.500,21.91489,-3.98234,0
1785663703735839232,564,0,0.784314,521.500,195.500,21.83526,-3.98234,1
1785663703756035774,565,1,0.733333,521.500,194.500,21.86881,-2.44659,0
1785663703775989361,566,1,0.756863,523.500,196.500,21.95205,-0.82334,0
1785663703813723933,568,1,0.737255,525.500,193.500,22.08232,1.12168,0
1785663703836297243,569,1,0.705882,529.500,195.500,22.29955,3.51539,0
1785663703856602285,570,1,0.792157,537.500,195.500,22.62247,6.73046,0
1785663703875932295,571,1,0.705882,542.500,194.500,22.96844,9.52294,0
1785663703893701321,572,0,0.705882,542.500,194.500,23.13765,9.52294,1
1785663703914480024,573,1,0.713726,552.500,197.500,23.67550,13.56387,0
1785663703933626578,574,1,0.800000,550.500,193.500,23.90833,13.24736,0
1785663703957906996,575,1,0.733333,545.500,195.500,23.98803,10.32133,0
1785663703977524878,576,1,0.784314,543.500,196.500,23.89171,6.60416,0
1785663703995943439,577,0,0.784314,543.500,196.500,24.01335,6.60416,1
1785663704015315157,578,0,,,,24.14129,6.60416,1
1785663704033919508,579,1,0.784314,546.500,194.500,23.89032,2.60572,0
1785663704056076905,580,0,,,,23.94805,2.60572,1
1785663704075700621,581,1,0.749020,548.500,196.500,23.64109,-1.05190,0
1785663704096463866,582,0,,,,23.61925,-1.05190,1
1785663704126613723,584,1,0.682353,554.500,191.500,23.49033,-2.04544,0
1785663704149590988,585,1,0.764706,552.500,197.500,23.40762,-2.44360,0
1785663704168012757,586,0,0.764706,552.500,197.500,23.36260,-2.44360,1
1785663704210266365,587,0,,,,23.25935,-2.44360,1
1785663704213115045,588,1,0.619608,554.500,195.500,23.32149,-1.68284,0
1785663704225800373,589,0,0.619608,554.500,195.500,23.30014,-1.68284,1
1785663704245686585,590,1,0.690196,558.500,197.500,23.47673,0.66981,0
1785663704277006889,591,1,0.698039,551.500,197.500,23.45020,0.11157,0
1785663704295033746,592,1,0.525490,555.500,193.500,23.50066,0.71028,0
